Accokeek Drug Health Mart Pharmacy,Accokeek,15789 Livingston Road 
B And C Health Services Limited Liability Company Pharmacy,Fort Washington,10905 Fort Washington Road
Bowie Pharmacy,Bowie,14999 Health Center Drive 
CVS Pharmacy,Upper Marlboro,5100 Brown Station Road
CVS Pharmacy,Beltsville,11729 Beltsville Drive 
CVS Pharmacy,Forestville,7012 Marlboro Pike 
CVS Pharmacy,Landover Hills,7408 Annapolis Road
CVS Pharmacy,Colmar Manor,3611 Bladensburg Road 
CVS Pharmacy,Seat Pleasant,5922 Martin Luther King Junior Highway 
CVS Pharmacy,College Park,7300 Baltimore Avenue 
CVS Pharmacy,Seat Pleasant,6200 Central Avenue 
CVS Pharmacy,Bowie,6920 Laurel Bowie Road 
CVS Pharmacy,Upper Marlboro,7583 Crain Highway 
CVS Pharmacy,Laurel,13320 Laurel Bowie Road 
CVS Pharmacy,Beltsville,11100 Baltimore Avenue 
CVS Pharmacy,Camp Springs,7050 Allentown Road 
CVS Pharmacy,Cheverly,6516 Landover Road 
CVS Pharmacy,Laurel,15100 Baltimore Avenue 
CVS Pharmacy,Bowie,1334 Crain Highway 
CVS Pharmacy,Clinton,8859 Branch Avenue 
CVS Pharmacy,Fort Washington,11906 Livingston Road 
CVS Pharmacy,Bowie,6001 Highbridge Road 
CVS Pharmacy,Hyattsville,3605 East-West Highway 
CVS Pharmacy,Upper Marlboro,28 Watkins Park Drive 
CVS Pharmacy,Temple Hills,3714 Branch Avenue 
CVS Pharmacy,New Carrollton,8201 Annapolis Road 
CVS Pharmacy,Hyattsville,5621 Sargent Road 
CVS Pharmacy,District Heights,5870 Silver Hill Road 
CVS Pharmacy,Hyattsville,3130 Queens Chapel Road 
CVS Pharmacy,Greenbelt,7607 Greenbelt Road 
CVS Pharmacy,Greenbelt,5910 Greenbelt Road 
CVS Pharmacy,Laurel,320 Domer Avenue 
CVS Pharmacy,Oxon Hill,4901 Indian Head Highway 
CVS Pharmacy,Hyattsville,7041 Martin Luther King Junior Highway 
CVS Pharmacy,Fort Washington,8201 Oxon Hill Road 
CVS Pharmacy,Hyattsville,7939 New Hampshire Avenue 
CVS Pharmacy,Oxon Hill,6221 Oxon Hill Road 
CVS Pharmacy,Upper Marlboro,10590 Campus Way South 
CVS Pharmacy,Riverdale Park,5707 Riverdale Road 
CVS Pharmacy,Lanham,9420 Lanham Severn Road 
Co-Op Pharmacy,Greenbelt,121 Centerway 
Comcare Care Pharmacy,Bowie,15431 excelsior Drive 
Costco Pharmacy,Beltsville,10925 Baltimore Avenue 
Costco Pharmacy,Brandywine,7601 Matapeake Business Drive 
East Pines Pharmacy And Medical Equipment Pharmacy,East Riverdale,6003 66th Avenue 
Family Care Pharmacy III Incorporated Pharmacy,Oxon Hill,6196 Oxon Hill Road 
Giant Pharmacy,Greenbelt,6000 Greenbelt Road 
Giant Pharmacy,District Heights,5500 Silver Hill Road 
Giant Pharmacy,Kettering,10480 Campus Way South 
Giant Pharmacy,Fort Washington,9580 Livingston Road 
Giant Pharmacy,Hyattsville,7546 Annapolis Road 
Giant Pharmacy,Hyattsville,5815 Eastern Avenue Northeast 
Giant Pharmacy,Upper Marlboro,5700 Crain Highway 
Giant Pharmacy,Lanham,20706 Greenbelt Road 
Giant Pharmacy,Bowie,15520 Annapolis Road 
Giant Pharmacy,Laurel,1009 Fairlawn Avenue 
Giant Pharmacy,Oxon Hill,20 Audrey Lane 
Giant Pharmacy,Bowie,3500 Crain Highway 
Giant Pharmacy,Hyattsville,3104 Queens Chapel Road 
Giant Pharmacy,Camp Springs,7074 Allentown Road 
Giant Pharmacy,Accokeek,7025 Berry Road 
Giant Pharmacy,Marlow Heights,4119 Branch Avenue 
Giant Pharmacy,Hyattsville,3521 East-West Highway 
Giant Pharmacy,Clinton,8899 Woodyard Road 
Gig Pharmacy Limited Liability Company Pharmacy,Temple Hills,3611 Branch Avenue 
Greenbelt Pharmacy,Lanham,9801 Greenbelt Road 
Health Center Pharmacy,College Park,140 Campus Drive 
Hollywood Pharmacy,College Park,4936 Edgewood Road 
Hope For All Pharmacy And Stores Pharmacy,Marlow Heights,4588 Beech Road 
Kaiser Permanente Camp Springs Medical Center Pharmacy,Temple Hills,6104 Old Branch Avenue 
Kaiser Permanente Largo Medical Center Pharmacy,Upper Marlboro,1221 Mercantile Lane 
Kaiser Permanente Marlow Heights Medical Center Pharmacy,Camp Springs,5100 Auth Way 
Kaiser Permanente Prince Georges Medical Office Pharmacy,Hyattsville,6525 Belcrest Road 
Kay Cee Health Mart Pharmacy,District Heights,6110 Old Silver Hill Road 
Kmart Pharmacy,Greenbelt,8829 Greenbelt Road 
Laurel Pharmacy,Laurel,7350 Van Dusen Road 
Lawsons Health Mart Pharmacy,Hyattsville,3415 Hamilton Street 
Main Street Pharmacy,Laurel,653 Main Street 
Mednovations Pharmacy,Laurel,316 Talbott Avenue 
New Era Care Pharmacy,Capitol Heights,1446 Addison Road South 
Padek Healthcare Pharmacy,Bladensburg,5403a Annapolis Road 
Pharmerica Pharmacy,Beltsville,12240 Kiln Court 
Quality Of Life Pharmacy,Capitol Heights,8900 Edgeworth Drive 
Rite Aid Pharmacy,Adelphi,1823 East-West Highway 
Rite Aid Pharmacy,Bowie,3250 Superior Lane 
Rite Aid Pharmacy,Upper Marlboro,9530 Crain Highway 
Rite Aid Pharmacy,District Heights,5600 Silver Hill Road 
Rite Aid Pharmacy,Hyattsville,8048 New Hampshire Avenue 
Rite Aid Pharmacy,District Heights,5741 Silver Hill Road 
Rite Aid Pharmacy,Beltsville,10474 Baltimore Avenue 
Rite Aid Pharmacy,Clinton,8934 Woodyard Road 
Rite Aid Pharmacy,Adelphi,9139 Riggs Road 
Rite Aid Pharmacy,Riverdale Park,6130 Baltimore Avenue 
Rite Aid Pharmacy,Laurel,12701 Laurel Bowie Road 
Rite Aid Pharmacy,Largo,9810 Apollo Drive 
Rite Aid Pharmacy,East Riverdale,6806 Riverdale Road 
Safeway Pharmacy,Seat Pleasant,6300 Central Avenue 
Safeway Pharmacy,Hyattsville,4600 Cooper Lane 
Safeway Pharmacy,District Heights,5800 Silver Hill Road 
Safeway Pharmacy,OxonHill,6235 Oxon Hill Road  
Safeway Pharmacy,Greenbelt,7595 Greenbelt Road 
Safeway Pharmacy,Brandywine,15916 Crain Highway 
Safeway Pharmacy,Bowie,3268 Superior Lane 
Safeway Pharmacy,Bowie,4101 Northview Drive 
Safeway Pharmacy,Upper Marlboro,50 Watkins Park Drive 
Safeway Pharmacy,Hyattsville,4600 Cooper Lane 
Safeway Pharmacy,Bowie,12410 Fairwood Parkway 
Safeway Pharmacy,Hyattsville,3511 Hamilton Street 
Safeway Pharmacy,Upper Marlboro,7605 Crain Highway 
Safeway Pharmacy,Fort Washington,990 Swan Creek Road East 
Safeway Pharmacy,Temple Hills,2346 Iverson Street 
Safeway Pharmacy,District Heights,5800 Silver Hill Road 
Sears Essentials Kmart Pharmacy,Clinton,8827 Woodyard Road 
Shalom Pharmacy,Clinton,9131 Piscataway Road 
Shoppers Pharmacy,Bowie,10501 Martin Luther King Junior Highway 
Shoppers Pharmacy,Takoma Park,6881 New Hampshire Avenue Takoma 
Shoppers Pharmacy,College Park,4720 Cherry Hill Road 
Shoppers Pharmacy,Clinton,6300 Coventry Way 
Shoppers Pharmacy,New Carrollton,7790 Riverdale Road 
Shoppers Pharmacy,Oxon Hill,6111 Livingston Road 
Shoppers Pharmacy,Forestville,2950 Donnell Drive 
Shoppers Pharmacy,Laurel,13600 Baltimore Avenue 
Supreme Pharmacy And Medical Supplies Pharmacy,Glenarden,7936 Johnson Avenue 
Target Pharmacy,Bowie,4600 Mitchellville Road 
Target Pharmacy,Kettering,10500 Campus Way South 
Target Pharmacy,Brandywine,15922 Crain Highway 
Target Pharmacy,Bowie,10401 Martin Luther King Junior Highway 
Target Pharmacy,District Heights,3101 Donnell Drive 
Target Pharmacy,Greenbelt,6100 Greenbelt Road 
Target Pharmacy,Hyattsville,3500 East-West Highway 
The Medicine Shoppe Pharmacy,Camp Springs,7053 Allentown Road 
Twins Care Pharmacy,College Park,6201 Greenbelt Road 
Walgreens Pharmacy,Clinton,9001 Woody Terrace 
Walmart Pharmacy,Landover Hills,6210 Annapolis Road 
Walmart Pharmacy,Clinton,8745 Branch Avenue 
Walmart Pharmacy,Bowie,3300 Crain Highway 
